{"cameraMode":{"drawMode":0,"name":"Shaded","section":"Shading Mode"},"sceneLighting":false,"audioPlay":false,"sceneViewState":{"showFog":false,"showMaterialUpdate":false,"showSkybox":false,"showFlares":false,"showImageEffects":false,"showParticleSystems":true},"in2DMode":false,"pivot":{"x":0.06111550331115723,"y":0.6241155862808228,"z":0.0},"rotation":{"x":-0.14824214577674867,"y":0.12484605610370636,"z":-0.018868673592805864,"w":-0.9808576703071594},"size":3.223832845687866,"orthographic":false}