{"cameraMode":{"drawMode":0,"name":"Shaded","section":"Shading Mode"},"sceneLighting":false,"audioPlay":false,"sceneViewState":{"showFog":false,"showMaterialUpdate":false,"showSkybox":false,"showFlares":false,"showImageEffects":false,"showParticleSystems":true},"in2DMode":false,"pivot":{"x":-0.09386789798736572,"y":0.9654227495193481,"z":0.1023263931274414},"rotation":{"x":-0.1769842952489853,"y":0.0787447988986969,"z":-0.01420719176530838,"w":-0.9809556603431702},"size":3.1137542724609377,"orthographic":false}