{"cameraMode":{"drawMode":0,"name":"Shaded","section":"Shading Mode"},"sceneLighting":false,"audioPlay":false,"sceneViewState":{"showFog":false,"showMaterialUpdate":false,"showSkybox":false,"showFlares":false,"showImageEffects":false,"showParticleSystems":true},"in2DMode":false,"pivot":{"x":-0.32842373847961428,"y":0.9020599126815796,"z":-0.1956181526184082},"rotation":{"x":-0.14824214577674867,"y":0.12484605610370636,"z":-0.018868673592805864,"w":-0.9808576703071594},"size":2.728100299835205,"orthographic":false}