{"cameraMode":{"drawMode":0,"name":"Shaded","section":"Shading Mode"},"sceneLighting":false,"audioPlay":false,"sceneViewState":{"showFog":false,"showMaterialUpdate":false,"showSkybox":false,"showFlares":false,"showImageEffects":false,"showParticleSystems":true},"in2DMode":false,"pivot":{"x":4.629539489746094,"y":-2.3505115509033205,"z":3.8796639442443849},"rotation":{"x":-0.14824214577674867,"y":0.12484605610370636,"z":-0.018868673592805864,"w":-0.9808576703071594},"size":1.771899700164795,"orthographic":false}