{"cameraMode":{"drawMode":0,"name":"Shaded","section":"Shading Mode"},"sceneLighting":true,"audioPlay":false,"sceneViewState":{"showFog":false,"showMaterialUpdate":false,"showSkybox":false,"showFlares":false,"showImageEffects":false,"showParticleSystems":true},"in2DMode":false,"pivot":{"x":90.1585693359375,"y":46.91925048828125,"z":-37.84906005859375},"rotation":{"x":-0.25297480821609499,"y":0.19061651825904847,"z":-0.05091230198740959,"w":-0.9471415281295776},"size":1403.9559326171875,"orthographic":false}